use schooldbproblem2

insert into departments 
values (1,'cs','block a'),
(2,'it','block b'),
(3,'mech','block c'),
(4,'civil','block d'),
(5,'ece','block e');
select * from departments;


insert into teachers (teacherid, teachername, email, departmentid, hiredate, salary) 
values(1,'ram','ram@gmail.com',1,'2019-02-10',30000),
(2,'sam','sam@gmail.com',2,'2018-03-11',35000),
(3,'raj','raj@gmail.com',3,'2020-04-12',32000),
(4,'avi','avi@gmail.com',4,'2021-05-15',33000),
(5,'tom','tom@gmail.com',5,'2017-06-16',40000),
(6,'leo','leo@gmail.com',1,'2019-07-18',36000),
(7,'jay','jay@gmail.com',2,'2020-08-19',31000),
(8,'max','max@gmail.com',3,'2018-09-20',37000),
(9,'dan','dan@gmail.com',4,'2019-10-21',34000),
(10,'ben','ben@gmail.com',5,'2021-11-22',30000);
select * from teachers;

insert into students (studentid, firstname, lastname, dateofbirth, gender, departmentid, admissiondate) 
values(1,'a','k','2002-01-01','m',1,'2022-06-01'),
(2,'b','l','2002-02-02','f',2,'2022-06-01'),
(3,'c','m','2002-03-03','m',3,'2022-06-01'),
(4,'d','n','2002-04-04','f',4,'2022-06-01'),
(5,'e','o','2002-05-05','m',5,'2022-06-01'),
(6,'f','p','2002-06-06','f',1,'2022-06-01'),
(7,'g','q','2002-07-07','m',2,'2022-06-01'),
(8,'h','r','2002-08-08','f',3,'2022-06-01'),
(9,'i','s','2002-09-09','m',4,'2022-06-01'),
(10,'j','t','2002-10-10','f',5,'2022-06-01'),
(11,'k','u','2002-11-11','m',1,'2022-06-01'),
(12,'l','v','2002-12-12','f',2,'2022-06-01'),
(13,'m','w','2002-01-13','m',3,'2022-06-01'),
(14,'n','x','2002-02-14','f',4,'2022-06-01'),
(15,'o','y','2002-03-15','m',5,'2022-06-01'),
(16,'p','z','2002-04-16','f',1,'2022-06-01'),
(17,'q','a','2002-05-17','m',2,'2022-06-01'),
(18,'r','b','2002-06-18','f',3,'2022-06-01'),
(19,'s','c','2002-07-19','m',4,'2022-06-01'),
(20,'t','d','2002-08-20','f',5,'2022-06-01');
select * from students;

insert into courses 
values(1,'java',4,1,1),
(2,'sql',3,2,2),
(3,'math',5,3,3),
(4,'design',2,4,4),
(5,'network',4,5,5),
(6,'python',3,1,6),
(7,'web',3,2,7),
(8,'physics',4,3,8),
(9,'survey',2,4,9),
(10,'digital',4,5,10);
select * from courses;


insert into enrollments (enrollmentid, studentid, courseid) 
values(1,1,1),(2,2,2),(3,3,3),(4,4,4),(5,5,5),
(6,6,6),(7,7,7),(8,8,8),(9,9,9),(10,10,10),
(11,11,1),(12,12,2),(13,13,3),(14,14,4),(15,15,5),
(16,16,6),(17,17,7),(18,18,8),(19,19,9),(20,20,10),
(21,1,2),(22,2,3),(23,3,4),(24,4,5),(25,5,6),
(26,6,7),(27,7,8),(28,8,9),(29,9,10),(30,10,1);
select * from enrollments;

insert into exams 
values(1,1,'2024-01-10','mid'),
(2,2,'2024-01-11','mid'),
(3,3,'2024-01-12','mid'),
(4,4,'2024-01-13','final'),
(5,5,'2024-01-14','final');
select * from exams;


insert into marks 
values(1,1,1,80),(2,2,2,75),(3,3,3,70),(4,4,4,65),(5,5,5,60),
(6,6,1,78),(7,7,2,82),(8,8,3,69),(9,9,4,74),(10,10,5,88),
(11,11,1,91),(12,12,2,55),(13,13,3,63),(14,14,4,77),(15,15,5,68),
(16,16,1,84),(17,17,2,73),(18,18,3,66),(19,19,4,72),(20,20,5,79),
(21,1,1,85),(22,2,2,76),(23,3,3,71),(24,4,4,67),(25,5,5,62),
(26,6,1,81),(27,7,2,83),(28,8,3,64),(29,9,4,70),(30,10,5,90);
select * from marks;